{"cameraMode":{"drawMode":0,"name":"Shaded","section":"Shading Mode"},"sceneLighting":true,"audioPlay":false,"sceneViewState":{"m_AlwaysRefresh":false,"showFog":true,"showSkybox":true,"showFlares":true,"showImageEffects":true,"showParticleSystems":true,"showVisualEffectGraphs":true,"m_FxEnabled":true},"in2DMode":false,"pivot":{"x":5.296240329742432,"y":13.315784454345704,"z":-13.344337463378907},"rotation":{"x":-0.3851214051246643,"y":-0.10020027309656143,"z":0.04212096706032753,"w":-0.9164938926696777},"size":18.948001861572267,"orthographic":false}