{"cameraMode":{"drawMode":0,"name":"Shaded","section":"Shading Mode"},"sceneLighting":true,"audioPlay":false,"sceneViewState":{"m_AlwaysRefresh":false,"showFog":true,"showSkybox":true,"showFlares":true,"showImageEffects":true,"showParticleSystems":true,"showVisualEffectGraphs":true,"m_FxEnabled":true},"in2DMode":false,"pivot":{"x":4.380064487457275,"y":2.1893768310546877,"z":-6.2621893882751469},"rotation":{"x":0.08201219141483307,"y":0.5584407448768616,"z":-0.05572307109832764,"w":0.8236673474311829},"size":12.304057121276856,"orthographic":true}