{"cameraMode":{"drawMode":0,"name":"Shaded","section":"Shading Mode"},"sceneLighting":true,"audioPlay":false,"sceneViewState":{"m_AlwaysRefresh":false,"showFog":true,"showSkybox":true,"showFlares":true,"showImageEffects":true,"showParticleSystems":true,"showVisualEffectGraphs":true,"m_FxEnabled":true},"in2DMode":false,"pivot":{"x":-4.558009147644043,"y":-4.113271713256836,"z":1.3548431396484376},"rotation":{"x":-0.29258841276168826,"y":-0.21226473152637483,"z":0.06679563224315644,"w":-0.9300022125244141},"size":19.867767333984376,"orthographic":false}