{"cameraMode":{"drawMode":0,"name":"Shaded","section":"Shading Mode"},"sceneLighting":true,"audioPlay":false,"sceneViewState":{"m_AlwaysRefresh":false,"showFog":true,"showSkybox":true,"showFlares":true,"showImageEffects":true,"showParticleSystems":true,"showVisualEffectGraphs":true,"m_FxEnabled":true},"in2DMode":false,"pivot":{"x":-0.5586690902709961,"y":0.9807538986206055,"z":-1.3309173583984376},"rotation":{"x":-0.06673631072044373,"y":0.9326035976409912,"z":-0.2704792022705078,"w":-0.2296910434961319},"size":10.109323501586914,"orthographic":true}