{"cameraMode":{"drawMode":0,"name":"Shaded","section":"Shading Mode"},"sceneLighting":true,"audioPlay":false,"sceneViewState":{"m_AlwaysRefresh":false,"showFog":true,"showSkybox":true,"showFlares":true,"showImageEffects":true,"showParticleSystems":true,"showVisualEffectGraphs":true,"m_FxEnabled":true},"in2DMode":false,"pivot":{"x":0.10192155838012696,"y":2.8824119567871095,"z":0.9737529754638672},"rotation":{"x":-0.2218622863292694,"y":-0.027199750766158105,"z":0.006204210687428713,"w":-0.9746935963630676},"size":17.32614517211914,"orthographic":false}