{"cameraMode":{"drawMode":0,"name":"Shaded","section":"Shading Mode"},"sceneLighting":true,"audioPlay":false,"sceneViewState":{"m_AlwaysRefresh":false,"showFog":true,"showSkybox":true,"showFlares":true,"showImageEffects":true,"showParticleSystems":true,"showVisualEffectGraphs":true,"m_FxEnabled":true},"in2DMode":false,"pivot":{"x":-1.4099464416503907,"y":6.971887588500977,"z":-0.4746551513671875},"rotation":{"x":0.1620345264673233,"y":0.3292769491672516,"z":-0.057577602565288547,"w":0.9285065531730652},"size":30.30412483215332,"orthographic":true}