{"cameraMode":{"drawMode":0,"name":"Shaded","section":"Shading Mode"},"sceneLighting":true,"audioPlay":false,"sceneViewState":{"m_AlwaysRefresh":false,"showFog":true,"showSkybox":true,"showFlares":true,"showImageEffects":true,"showParticleSystems":true,"showVisualEffectGraphs":true,"m_FxEnabled":true},"in2DMode":false,"pivot":{"x":0.5840591192245483,"y":1.4517879486083985,"z":1.0510107278823853},"rotation":{"x":0.13274122774600984,"y":0.5282064080238342,"z":-0.08414459973573685,"w":0.8345145583152771},"size":4.093936920166016,"orthographic":true}